borehole_length,borehole_spacing,annual_energy
150,20,4.879395
150,500,16.475657
300,20,9.131167
300,500,32.826610
1000,20,30.477725
1000,500,98.144084
